[
    {"command": "model", "emote": "emote-model", "duration": "6"},
    {"command": "dont start now", "emote": "dance-tiktok2", "duration": "10"},
    {"command": "russian dance", "emote": "dance-russian", "duration": "8"},
    {"command": "teleport", "emote": "emote-teleporting", "duration": "6"},
    {"command": "curtsy", "emote": "emote-curtsy", "duration": "3"},
    {"command": "lets go shopping", "emote": "dance-shoppingcart", "duration": "5"},
    {"command": "greedy", "emote": "emote-greedy", "duration": "5"},
    {"command": "flex", "emote": "emoji-flex", "duration": "3"},
    {"command": "sing along", "emote": "idle_singing", "duration": "10"},
    {"command": "pennys dance", "emote": "dance-pennywise", "duration": "2"},
    {"command": "bow", "emote": "emote-bow", "duration": "3"},
    {"command": "snowball fight", "emote": "emote-snowball", "duration": "5"},
    {"command": "confused", "emote": "emote-confused", "duration": "8"},
    {"command": "charging", "emote": "emote-charging", "duration": "5"},
    {"command": "floating", "emote": "emote-float", "duration": "3"},
    {"command": "frog hop", "emote": "emote-frog", "duration": "4"},
    {"command": "enthused", "emote": "idle-enthusiastic", "duration": "6"},
    {"command": "grave dance", "emote": "dance-weird", "duration": "9"},
    {"command": "lambi pose", "emote": "emote-superpose", "duration": "5"},
    {"command": "sword fight", "emote": "emote-swordfight", "duration": "5"},
    {"command": "do the worm", "emote": "emote-snake", "duration": "5.856"},
    {"command": "viral groove", "emote": "dance-tiktok9", "duration": "10.862"},
    {"command": "shuffle dance", "emote": "dance-tiktok10", "duration": "7.982"},
    {"command": "cursing", "emote": "emoji-cursing", "duration": "3"},
    {"command": "raise the roof", "emote": "emoji-celebrate", "duration": "3"},
    {"command": "emote cute", "emote": "emote-cute", "duration": "6"},
    {"command": "telekinesis", "emote": "emote-telekinesis", "duration": "9.184"},
    {"command": "energy ball", "emote": "emote-energyball", "duration": "7.866"},
    {"command": "maniac", "emote": "emote-maniac", "duration": "4.756"},
    {"command": "snow angel", "emote": "emote-snowangel", "duration": "5.643"},
    {"command": "sweating", "emote": "emote-hot", "duration": "3.833"},
    {"command": "kpop dance", "emote": "dance-blackpink", "duration": "6.456"},
    {"command": "flirty wave", "emote": "emote-lust", "duration": "4.546"},
    {"command": "cutey", "emote": "emote-cutey", "duration": "2.523"},
    {"command": "dance", "emote": "idle-dance-casual", "duration": "8.792"},
    {"command": "pose 1", "emote": "emote-pose1", "duration": "2.339"},
    {"command": "pose 3", "emote": "emote-pose3", "duration": "4.227"},
    {"command": "pose 5", "emote": "emote-pose5", "duration": "4.230"},
    {"command": "pose 7", "emote": "emote-pose7", "duration": "4.167"},
    {"command": "pose 8", "emote": "emote-pose8", "duration": "3.966"},
    {"command": "gagging", "emote": "emoji-gagging", "duration": "5.073"},
    {"command": "savage dance", "emote": "dance-tiktok8", "duration": "9.818"},
    {"command": "say so dance", "emote": "idle-dance-tiktok4", "duration": "14.241"},
    {"command": "fashion", "emote": "emote-fashionista", "duration": "4.898"},
    {"command": "gravity", "emote": "emote-gravity", "duration": "8.391"},
    {"command": "uwu", "emote": "idle-uwu", "duration": "25"},
    {"command": "wrong", "emote": "dance-wrong", "duration": "11.628"},
    {"command": "sleigh", "emote": "emote-sleigh", "duration": "10.798"},
    {"command": "hyped", "emote": "emote-hyped", "duration": "7"},
    {"command": "zombie", "emote": "emote-zombierun", "duration": "8"},
    {"command": "punk", "emote": "emote-punkguitar", "duration": "8"},
    {"command": "shy", "emote": "emote-shy", "duration": "4"},
    {"command": "lust", "emote": "emote-lust", "duration": "5"},
    {"command": "icecream", "emote": "dance-icecream", "duration": "14"},
    {"command": "timejump", "emote": "emote-timejump", "duration": "4"}
]